from,to,from_state,to_state,pass,lcv,type,carrier,tab,carrier_type,transit,from_loc,to_loc
"ADELAIDE, SA","ALICE SPRINGS, NT",SA,NT,949.9999999999999,1187.4999999999998,depot-depot,AUTOCARE,new-template,hub,,ADELAIDE,ALICE SPRINGS
"ADELAIDE, SA","BRISBANE, QLD",SA,QLD,1029.0,1286.25,depot-depot,AUTOCARE,new-template,hub,,ADELAIDE,BRISBANE
"ADELAIDE, SA","CAIRNS, QLD",SA,QLD,1855.9999999999995,2319.9999999999995,depot-depot,AUTOCARE,new-template,hub,,ADELAIDE,CAIRNS
"ADELAIDE, SA","DARWIN, NT",SA,NT,1060.8,1644.24,depot-depot,AUTOCARE,new-template,hub,,ADELAIDE,DARWIN
"ADELAIDE, SA","DEVONPORT, TAS",SA,TAS,728.8,911.0,depot-depot,AUTOCARE,new-template,hub,,ADELAIDE,DEVONPORT
"ADELAIDE, SA","HOBART, TAS",SA,TAS,1125.9999999999998,1407.4999999999998,depot-depot,AUTOCARE,new-template,hub,,ADELAIDE,HOBART
"ADELAIDE, SA","MELBOURNE, VIC",SA,VIC,218.39999999999995,272.99999999999994,depot-depot,AUTOCARE,new-template,hub,,ADELAIDE,MELBOURNE
"ADELAIDE, SA","MT ISA, QLD",SA,QLD,2320.9999999999995,2901.2499999999995,depot-depot,AUTOCARE,new-template,hub,,ADELAIDE,MT ISA
"ADELAIDE, SA","PERTH, WA",SA,WA,837.9999999999998,1047.4999999999998,depot-depot,AUTOCARE,new-template,hub,,ADELAIDE,PERTH
"ADELAIDE, SA","SYDNEY, NSW",SA,NSW,680.0,850.0,depot-depot,AUTOCARE,new-template,hub,,ADELAIDE,SYDNEY
"ADELAIDE, SA","TOWNSVILLE, QLD",SA,QLD,1501.9999999999998,1877.4999999999998,depot-depot,AUTOCARE,new-template,hub,,ADELAIDE,TOWNSVILLE
"ADELAIDE, SA","WOLLONGONG, NSW",SA,NSW,619.9999999999999,774.9999999999999,depot-depot,AUTOCARE,new-template,hub,,ADELAIDE,WOLLONGONG
"ALICE SPRINGS, NT","ADELAIDE, SA",NT,SA,399.99999999999994,499.99999999999994,depot-depot,AUTOCARE,new-template,hub,,ALICE SPRINGS,ADELAIDE
"ALICE SPRINGS, NT","BRISBANE, QLD",NT,QLD,1143.2,1429.0,depot-depot,AUTOCARE,new-template,hub,,ALICE SPRINGS,BRISBANE
"ALICE SPRINGS, NT","CAIRNS, QLD",NT,QLD,2255.6818181818176,2819.602272727272,depot-depot,AUTOCARE,new-template,hub,,ALICE SPRINGS,CAIRNS
"ALICE SPRINGS, NT","DARWIN, NT",NT,NT,446.42857142857133,558.0357142857142,depot-depot,AUTOCARE,new-template,hub,,ALICE SPRINGS,DARWIN
"ALICE SPRINGS, NT","DEVONPORT, TAS",NT,TAS,1310.9999999999998,1638.7499999999998,depot-depot,AUTOCARE,new-template,hub,,ALICE SPRINGS,DEVONPORT
"ALICE SPRINGS, NT","HOBART, TAS",NT,TAS,1525.9999999999998,1907.4999999999998,depot-depot,AUTOCARE,new-template,hub,,ALICE SPRINGS,HOBART
"ALICE SPRINGS, NT","MELBOURNE, VIC",NT,VIC,538.4,673.0,depot-depot,AUTOCARE,new-template,hub,,ALICE SPRINGS,MELBOURNE
"ALICE SPRINGS, NT","MT ISA, QLD",NT,QLD,2029.220779220779,2536.5259740259735,depot-depot,AUTOCARE,new-template,hub,,ALICE SPRINGS,MT ISA
"ALICE SPRINGS, NT","PERTH, WA",NT,WA,1237.9999999999998,1547.4999999999998,depot-depot,AUTOCARE,new-template,hub,,ALICE SPRINGS,PERTH
"ALICE SPRINGS, NT","SYDNEY, NSW",NT,NSW,863.9999999999999,1079.9999999999998,depot-depot,AUTOCARE,new-template,hub,,ALICE SPRINGS,SYDNEY
"ALICE SPRINGS, NT","TOWNSVILLE, QLD",NT,QLD,1542.2077922077917,1927.7597402597396,depot-depot,AUTOCARE,new-template,hub,,ALICE SPRINGS,TOWNSVILLE
"ALICE SPRINGS, NT","WOLLONGONG, NSW",NT,NSW,816.0,1020.0,depot-depot,AUTOCARE,new-template,hub,,ALICE SPRINGS,WOLLONGONG
"BRISBANE, QLD","ADELAIDE, SA",QLD,SA,720.8,901.0,depot-depot,AUTOCARE,new-template,hub,,BRISBANE,ADELAIDE
"BRISBANE, QLD","ALICE SPRINGS, NT",QLD,NT,1850.9999999999998,2313.7499999999995,depot-depot,AUTOCARE,new-template,hub,,BRISBANE,ALICE SPRINGS
"BRISBANE, QLD","CAIRNS, QLD",QLD,QLD,1039.0,1298.75,depot-depot,AUTOCARE,new-template,hub,,BRISBANE,CAIRNS
"BRISBANE, QLD","DARWIN, NT",QLD,NT,1489.9999999999995,1862.4999999999995,depot-depot,AUTOCARE,new-template,hub,,BRISBANE,DARWIN
"BRISBANE, QLD","DEVONPORT, TAS",QLD,TAS,1062.3999999999999,1327.9999999999998,depot-depot,AUTOCARE,new-template,hub,,BRISBANE,DEVONPORT
"BRISBANE, QLD","HOBART, TAS",QLD,TAS,1543.0,1928.75,depot-depot,AUTOCARE,new-template,hub,,BRISBANE,HOBART
"BRISBANE, QLD","MELBOURNE, VIC",QLD,VIC,552.0,690.0,depot-depot,AUTOCARE,new-template,hub,,BRISBANE,MELBOURNE
"BRISBANE, QLD","MT ISA, QLD",QLD,QLD,1503.9999999999998,1879.9999999999998,depot-depot,AUTOCARE,new-template,hub,,BRISBANE,MT ISA
"BRISBANE, QLD","PERTH, WA",QLD,WA,1390.3999999999996,1737.9999999999995,depot-depot,AUTOCARE,new-template,hub,,BRISBANE,PERTH
"BRISBANE, QLD","SYDNEY, NSW",QLD,NSW,425.9999999999999,532.4999999999999,depot-depot,AUTOCARE,new-template,hub,,BRISBANE,SYDNEY
"BRISBANE, QLD","TOWNSVILLE, QLD",QLD,QLD,685.0,856.25,depot-depot,AUTOCARE,new-template,hub,,BRISBANE,TOWNSVILLE
"BRISBANE, QLD","WOLLONGONG, NSW",QLD,NSW,366.0,457.5,depot-depot,AUTOCARE,new-template,hub,,BRISBANE,WOLLONGONG
"CAIRNS, QLD","ADELAIDE, SA",QLD,SA,1412.0,1765.0,depot-depot,AUTOCARE,new-template,hub,,CAIRNS,ADELAIDE
"CAIRNS, QLD","ALICE SPRINGS, NT",QLD,NT,1889.6000000000001,2362.0,depot-depot,AUTOCARE,new-template,hub,,CAIRNS,ALICE SPRINGS
"CAIRNS, QLD","BRISBANE, QLD",QLD,QLD,508.0000000000001,635.0000000000001,depot-depot,AUTOCARE,new-template,hub,,CAIRNS,BRISBANE
"CAIRNS, QLD","DARWIN, NT",QLD,NT,1354.9999999999998,1693.7499999999998,depot-depot,AUTOCARE,new-template,hub,,CAIRNS,DARWIN
"CAIRNS, QLD","DEVONPORT, TAS",QLD,TAS,1570.3999999999999,1962.9999999999998,depot-depot,AUTOCARE,new-template,hub,,CAIRNS,DEVONPORT
"CAIRNS, QLD","HOBART, TAS",QLD,TAS,1742.3999999999999,2178.0,depot-depot,AUTOCARE,new-template,hub,,CAIRNS,HOBART
"CAIRNS, QLD","MELBOURNE, VIC",QLD,VIC,1063.9999999999998,1329.9999999999998,depot-depot,AUTOCARE,new-template,hub,,CAIRNS,MELBOURNE
"CAIRNS, QLD","MT ISA, QLD",QLD,QLD,1068.9999999999998,1336.2499999999998,depot-depot,AUTOCARE,new-template,hub,,CAIRNS,MT ISA
"CAIRNS, QLD","PERTH, WA",QLD,WA,2251.9999999999995,2814.9999999999995,depot-depot,AUTOCARE,new-template,hub,,CAIRNS,PERTH
"CAIRNS, QLD","SYDNEY, NSW",QLD,NSW,854.4000000000001,1068.0,depot-depot,AUTOCARE,new-template,hub,,CAIRNS,SYDNEY
"CAIRNS, QLD","TOWNSVILLE, QLD",QLD,QLD,249.99999999999997,312.49999999999994,depot-depot,AUTOCARE,new-template,hub,,CAIRNS,TOWNSVILLE
"CAIRNS, QLD","WOLLONGONG, NSW",QLD,NSW,806.4,1008.0,depot-depot,AUTOCARE,new-template,hub,,CAIRNS,WOLLONGONG
"DARWIN, NT","ADELAIDE, SA",NT,SA,700.8,876.0,depot-depot,AUTOCARE,new-template,hub,,DARWIN,ADELAIDE
"DARWIN, NT","ALICE SPRINGS, NT",NT,NT,700.8,876.0,depot-depot,AUTOCARE,new-template,hub,,DARWIN,ALICE SPRINGS
"DARWIN, NT","BRISBANE, QLD",NT,QLD,1178.9870129870128,1473.733766233766,depot-depot,AUTOCARE,new-template,hub,,DARWIN,BRISBANE
"DARWIN, NT","CAIRNS, QLD",NT,QLD,1310.9999999999998,1638.7499999999998,depot-depot,AUTOCARE,new-template,hub,,DARWIN,CAIRNS
"DARWIN, NT","DEVONPORT, TAS",NT,TAS,1429.6,1787.0,depot-depot,AUTOCARE,new-template,hub,,DARWIN,DEVONPORT
"DARWIN, NT","HOBART, TAS",NT,TAS,1601.5999999999997,2001.9999999999995,depot-depot,AUTOCARE,new-template,hub,,DARWIN,HOBART
"DARWIN, NT","MELBOURNE, VIC",NT,VIC,919.2,1149.0,depot-depot,AUTOCARE,new-template,hub,,DARWIN,MELBOURNE
"DARWIN, NT","MT ISA, QLD",NT,QLD,974.0259740259738,1217.5324675324673,depot-depot,AUTOCARE,new-template,hub,,DARWIN,MT ISA
"DARWIN, NT","PERTH, WA",NT,WA,1236.8,1546.0,depot-depot,AUTOCARE,new-template,hub,,DARWIN,PERTH
"DARWIN, NT","SYDNEY, NSW",NT,NSW,1240.8,1551.0,depot-depot,AUTOCARE,new-template,hub,,DARWIN,SYDNEY
"DARWIN, NT","TOWNSVILLE, QLD",NT,QLD,956.9999999999999,1196.2499999999998,depot-depot,AUTOCARE,new-template,hub,,DARWIN,TOWNSVILLE
"DARWIN, NT","WOLLONGONG, NSW",NT,NSW,1192.8,1491.0,depot-depot,AUTOCARE,new-template,hub,,DARWIN,WOLLONGONG
"DEVONPORT, TAS","ADELAIDE, SA",TAS,SA,1089.0,1361.25,depot-depot,AUTOCARE,new-template,hub,,DEVONPORT,ADELAIDE
"DEVONPORT, TAS","ALICE SPRINGS, NT",TAS,NT,2038.9999999999998,2548.7499999999995,depot-depot,AUTOCARE,new-template,hub,,DEVONPORT,ALICE SPRINGS
"DEVONPORT, TAS","BRISBANE, QLD",TAS,QLD,1212.8,1516.0,depot-depot,AUTOCARE,new-template,hub,,DEVONPORT,BRISBANE
"DEVONPORT, TAS","CAIRNS, QLD",TAS,QLD,2459.9999999999995,3074.9999999999995,depot-depot,AUTOCARE,new-template,hub,,DEVONPORT,CAIRNS
"DEVONPORT, TAS","DARWIN, NT",TAS,NT,1922.4,2403.0,depot-depot,AUTOCARE,new-template,hub,,DEVONPORT,DARWIN
"DEVONPORT, TAS","HOBART, TAS",TAS,TAS,215.00000000000003,268.75000000000006,depot-depot,AUTOCARE,new-template,hub,,DEVONPORT,HOBART
"DEVONPORT, TAS","MELBOURNE, VIC",TAS,VIC,525.6,657.0,depot-depot,AUTOCARE,new-template,hub,,DEVONPORT,MELBOURNE
"DEVONPORT, TAS","MT ISA, QLD",TAS,QLD,2924.9999999999995,3656.2499999999995,depot-depot,AUTOCARE,new-template,hub,,DEVONPORT,MT ISA
"DEVONPORT, TAS","PERTH, WA",TAS,WA,1740.0,2175.0,depot-depot,AUTOCARE,new-template,hub,,DEVONPORT,PERTH
"DEVONPORT, TAS","SYDNEY, NSW",TAS,NSW,893.0,1116.25,depot-depot,AUTOCARE,new-template,hub,,DEVONPORT,SYDNEY
"DEVONPORT, TAS","TOWNSVILLE, QLD",TAS,QLD,2105.9999999999995,2632.4999999999995,depot-depot,AUTOCARE,new-template,hub,,DEVONPORT,TOWNSVILLE
"DEVONPORT, TAS","WOLLONGONG, NSW",TAS,NSW,833.0,1041.25,depot-depot,AUTOCARE,new-template,hub,,DEVONPORT,WOLLONGONG
"HOBART, TAS","ADELAIDE, SA",TAS,SA,1220.0,1525.0,depot-depot,AUTOCARE,new-template,hub,,HOBART,ADELAIDE
"HOBART, TAS","ALICE SPRINGS, NT",TAS,NT,2272.727272727272,2840.90909090909,depot-depot,AUTOCARE,new-template,hub,,HOBART,ALICE SPRINGS
"HOBART, TAS","BRISBANE, QLD",TAS,QLD,1317.6,1647.0,depot-depot,AUTOCARE,new-template,hub,,HOBART,BRISBANE
"HOBART, TAS","CAIRNS, QLD",TAS,QLD,2591.0,3238.75,depot-depot,AUTOCARE,new-template,hub,,HOBART,CAIRNS
"HOBART, TAS","DARWIN, NT",TAS,NT,2027.2000000000003,2534.0000000000005,depot-depot,AUTOCARE,new-template,hub,,HOBART,DARWIN
"HOBART, TAS","DEVONPORT, TAS",TAS,TAS,131.0,163.75,depot-depot,AUTOCARE,new-template,hub,,HOBART,DEVONPORT
"HOBART, TAS","MELBOURNE, VIC",TAS,VIC,630.4,788.0,depot-depot,AUTOCARE,new-template,hub,,HOBART,MELBOURNE
"HOBART, TAS","MT ISA, QLD",TAS,QLD,3055.9999999999995,3819.9999999999995,depot-depot,AUTOCARE,new-template,hub,,HOBART,MT ISA
"HOBART, TAS","PERTH, WA",TAS,WA,1844.8000000000002,2306.0,depot-depot,AUTOCARE,new-template,hub,,HOBART,PERTH
"HOBART, TAS","SYDNEY, NSW",TAS,NSW,1024.0,1280.0,depot-depot,AUTOCARE,new-template,hub,,HOBART,SYDNEY
"HOBART, TAS","TOWNSVILLE, QLD",TAS,QLD,2237.0,2796.25,depot-depot,AUTOCARE,new-template,hub,,HOBART,TOWNSVILLE
"HOBART, TAS","WOLLONGONG, NSW",TAS,NSW,964.0,1205.0,depot-depot,AUTOCARE,new-template,hub,,HOBART,WOLLONGONG
"MELBOURNE, VIC","ADELAIDE, SA",VIC,SA,540.0,675.0,depot-depot,AUTOCARE,new-template,hub,,MELBOURNE,ADELAIDE
"MELBOURNE, VIC","ALICE SPRINGS, NT",VIC,NT,1490.0,1862.5,depot-depot,AUTOCARE,new-template,hub,,MELBOURNE,ALICE SPRINGS
"MELBOURNE, VIC","BRISBANE, QLD",VIC,QLD,736.0000000000001,920.0000000000001,depot-depot,AUTOCARE,new-template,hub,,MELBOURNE,BRISBANE
"MELBOURNE, VIC","CAIRNS, QLD",VIC,QLD,1957.0,2446.25,depot-depot,AUTOCARE,new-template,hub,,MELBOURNE,CAIRNS
"MELBOURNE, VIC","DARWIN, NT",VIC,NT,1600.8,2401.2,depot-depot,AUTOCARE,new-template,hub,,MELBOURNE,DARWIN
"MELBOURNE, VIC","DEVONPORT, TAS",VIC,TAS,637.9999999999999,797.4999999999999,depot-depot,AUTOCARE,new-template,hub,,MELBOURNE,DEVONPORT
"MELBOURNE, VIC","HOBART, TAS",VIC,TAS,853.0,1066.25,depot-depot,AUTOCARE,new-template,hub,,MELBOURNE,HOBART
"MELBOURNE, VIC","MT ISA, QLD",VIC,QLD,2421.9999999999995,3027.4999999999995,depot-depot,AUTOCARE,new-template,hub,,MELBOURNE,MT ISA
"MELBOURNE, VIC","PERTH, WA",VIC,WA,1214.3999999999999,1517.9999999999998,depot-depot,AUTOCARE,new-template,hub,,MELBOURNE,PERTH
"MELBOURNE, VIC","SYDNEY, NSW",VIC,NSW,493.99999999999994,617.4999999999999,depot-depot,AUTOCARE,new-template,hub,,MELBOURNE,SYDNEY
"MELBOURNE, VIC","TOWNSVILLE, QLD",VIC,QLD,1602.9999999999998,2003.7499999999998,depot-depot,AUTOCARE,new-template,hub,,MELBOURNE,TOWNSVILLE
"MELBOURNE, VIC","WOLLONGONG, NSW",VIC,NSW,433.9999999999999,542.4999999999999,depot-depot,AUTOCARE,new-template,hub,,MELBOURNE,WOLLONGONG
"MT ISA, QLD","ADELAIDE, SA",QLD,SA,1612.0,2015.0,depot-depot,AUTOCARE,new-template,hub,,MT ISA,ADELAIDE
"MT ISA, QLD","ALICE SPRINGS, NT",QLD,NT,2562.0,3202.5,depot-depot,AUTOCARE,new-template,hub,,MT ISA,ALICE SPRINGS
"MT ISA, QLD","BRISBANE, QLD",QLD,QLD,668.0,835.0,depot-depot,AUTOCARE,new-template,hub,,MT ISA,BRISBANE
"MT ISA, QLD","CAIRNS, QLD",QLD,QLD,803.9999999999999,1004.9999999999999,depot-depot,AUTOCARE,new-template,hub,,MT ISA,CAIRNS
"MT ISA, QLD","DARWIN, NT",QLD,NT,1243.9999999999998,1554.9999999999998,depot-depot,AUTOCARE,new-template,hub,,MT ISA,DARWIN
"MT ISA, QLD","DEVONPORT, TAS",QLD,TAS,1730.3999999999999,2163.0,depot-depot,AUTOCARE,new-template,hub,,MT ISA,DEVONPORT
"MT ISA, QLD","HOBART, TAS",QLD,TAS,2378.0,2972.5,depot-depot,AUTOCARE,new-template,hub,,MT ISA,HOBART
"MT ISA, QLD","MELBOURNE, VIC",QLD,VIC,1223.9999999999998,1529.9999999999998,depot-depot,AUTOCARE,new-template,hub,,MT ISA,MELBOURNE
"MT ISA, QLD","PERTH, WA",QLD,WA,2451.9999999999995,3064.9999999999995,depot-depot,AUTOCARE,new-template,hub,,MT ISA,PERTH
"MT ISA, QLD","SYDNEY, NSW",QLD,NSW,1014.4000000000001,1268.0,depot-depot,AUTOCARE,new-template,hub,,MT ISA,SYDNEY
"MT ISA, QLD","TOWNSVILLE, QLD",QLD,QLD,450.0,562.5,depot-depot,AUTOCARE,new-template,hub,,MT ISA,TOWNSVILLE
"MT ISA, QLD","WOLLONGONG, NSW",QLD,NSW,966.3999999999999,1207.9999999999998,depot-depot,AUTOCARE,new-template,hub,,MT ISA,WOLLONGONG
"PERTH, WA","ADELAIDE, SA",WA,SA,268.99999999999994,336.24999999999994,depot-depot,AUTOCARE,new-template,hub,,PERTH,ADELAIDE
"PERTH, WA","ALICE SPRINGS, NT",WA,NT,1218.9999999999998,1523.7499999999998,depot-depot,AUTOCARE,new-template,hub,,PERTH,ALICE SPRINGS
"PERTH, WA","BRISBANE, QLD",WA,QLD,1297.9999999999998,1622.4999999999998,depot-depot,AUTOCARE,new-template,hub,,PERTH,BRISBANE
"PERTH, WA","CAIRNS, QLD",WA,QLD,2125.0,2656.25,depot-depot,AUTOCARE,new-template,hub,,PERTH,CAIRNS
"PERTH, WA","DARWIN, NT",WA,NT,1593.9999999999998,1992.4999999999998,depot-depot,AUTOCARE,new-template,hub,,PERTH,DARWIN
"PERTH, WA","DEVONPORT, TAS",WA,TAS,1179.9999999999998,1474.9999999999998,depot-depot,AUTOCARE,new-template,hub,,PERTH,DEVONPORT
"PERTH, WA","HOBART, TAS",WA,TAS,1395.0,1743.75,depot-depot,AUTOCARE,new-template,hub,,PERTH,HOBART
"PERTH, WA","MELBOURNE, VIC",WA,VIC,580.0,725.0,depot-depot,AUTOCARE,new-template,hub,,PERTH,MELBOURNE
"PERTH, WA","MT ISA, QLD",WA,QLD,2590.0,3237.5,depot-depot,AUTOCARE,new-template,hub,,PERTH,MT ISA
"PERTH, WA","SYDNEY, NSW",WA,NSW,929.9999999999999,1162.4999999999998,depot-depot,AUTOCARE,new-template,hub,,PERTH,SYDNEY
"PERTH, WA","TOWNSVILLE, QLD",WA,QLD,1771.0,2213.75,depot-depot,AUTOCARE,new-template,hub,,PERTH,TOWNSVILLE
"PERTH, WA","WOLLONGONG, NSW",WA,NSW,870.0,1087.5,depot-depot,AUTOCARE,new-template,hub,,PERTH,WOLLONGONG
"SYDNEY, NSW","ADELAIDE, SA",NSW,SA,597.5999999999999,746.9999999999999,depot-depot,AUTOCARE,new-template,hub,,SYDNEY,ADELAIDE
"SYDNEY, NSW","ALICE SPRINGS, NT",NSW,NT,1357.6000000000001,1697.0000000000002,depot-depot,AUTOCARE,new-template,hub,,SYDNEY,ALICE SPRINGS
"SYDNEY, NSW","BRISBANE, QLD",NSW,QLD,420.79999999999995,526.0,depot-depot,AUTOCARE,new-template,hub,,SYDNEY,BRISBANE
"SYDNEY, NSW","CAIRNS, QLD",NSW,QLD,1477.9999999999998,1847.4999999999998,depot-depot,AUTOCARE,new-template,hub,,SYDNEY,CAIRNS
"SYDNEY, NSW","DARWIN, NT",NSW,NT,1907.9999999999998,2384.9999999999995,depot-depot,AUTOCARE,new-template,hub,,SYDNEY,DARWIN
"SYDNEY, NSW","DEVONPORT, TAS",NSW,TAS,1003.9999999999999,1254.9999999999998,depot-depot,AUTOCARE,new-template,hub,,SYDNEY,DEVONPORT
"SYDNEY, NSW","HOBART, TAS",NSW,TAS,1218.9999999999998,1523.7499999999998,depot-depot,AUTOCARE,new-template,hub,,SYDNEY,HOBART
"SYDNEY, NSW","MELBOURNE, VIC",NSW,VIC,375.99999999999994,469.99999999999994,depot-depot,AUTOCARE,new-template,hub,,SYDNEY,MELBOURNE
"SYDNEY, NSW","MT ISA, QLD",NSW,QLD,1942.9999999999998,2428.7499999999995,depot-depot,AUTOCARE,new-template,hub,,SYDNEY,MT ISA
"SYDNEY, NSW","PERTH, WA",NSW,WA,1300.0,1625.0,depot-depot,AUTOCARE,new-template,hub,,SYDNEY,PERTH
"SYDNEY, NSW","TOWNSVILLE, QLD",NSW,QLD,1124.0,1405.0,depot-depot,AUTOCARE,new-template,hub,,SYDNEY,TOWNSVILLE
"SYDNEY, NSW","WOLLONGONG, NSW",NSW,NSW,210.0,262.5,depot-depot,AUTOCARE,new-template,hub,,SYDNEY,WOLLONGONG
"TOWNSVILLE, QLD","ADELAIDE, SA",QLD,SA,1105.8,1382.25,depot-depot,AUTOCARE,new-template,hub,,TOWNSVILLE,ADELAIDE
"TOWNSVILLE, QLD","ALICE SPRINGS, NT",QLD,NT,2236.0,2795.0,depot-depot,AUTOCARE,new-template,hub,,TOWNSVILLE,ALICE SPRINGS
"TOWNSVILLE, QLD","BRISBANE, QLD",QLD,QLD,384.99999999999994,481.24999999999994,depot-depot,AUTOCARE,new-template,hub,,TOWNSVILLE,BRISBANE
"TOWNSVILLE, QLD","CAIRNS, QLD",QLD,QLD,354.0,442.5,depot-depot,AUTOCARE,new-template,hub,,TOWNSVILLE,CAIRNS
"TOWNSVILLE, QLD","DARWIN, NT",QLD,NT,1104.9999999999998,1381.2499999999998,depot-depot,AUTOCARE,new-template,hub,,TOWNSVILLE,DARWIN
"TOWNSVILLE, QLD","DEVONPORT, TAS",QLD,TAS,1447.3999999999999,1809.2499999999998,depot-depot,AUTOCARE,new-template,hub,,TOWNSVILLE,DEVONPORT
"TOWNSVILLE, QLD","HOBART, TAS",QLD,TAS,1928.0,2410.0,depot-depot,AUTOCARE,new-template,hub,,TOWNSVILLE,HOBART
"TOWNSVILLE, QLD","MELBOURNE, VIC",QLD,VIC,936.9999999999998,1171.2499999999998,depot-depot,AUTOCARE,new-template,hub,,TOWNSVILLE,MELBOURNE
"TOWNSVILLE, QLD","MT ISA, QLD",QLD,QLD,818.9999999999999,1023.7499999999999,depot-depot,AUTOCARE,new-template,hub,,TOWNSVILLE,MT ISA
"TOWNSVILLE, QLD","PERTH, WA",QLD,WA,1775.3999999999999,2219.25,depot-depot,AUTOCARE,new-template,hub,,TOWNSVILLE,PERTH
"TOWNSVILLE, QLD","SYDNEY, NSW",QLD,NSW,810.9999999999999,1013.7499999999999,depot-depot,AUTOCARE,new-template,hub,,TOWNSVILLE,SYDNEY
"TOWNSVILLE, QLD","WOLLONGONG, NSW",QLD,NSW,750.9999999999999,938.7499999999999,depot-depot,AUTOCARE,new-template,hub,,TOWNSVILLE,WOLLONGONG
"WOLLONGONG, NSW","ADELAIDE, SA",NSW,SA,549.6,687.0,depot-depot,AUTOCARE,new-template,hub,,WOLLONGONG,ADELAIDE
"WOLLONGONG, NSW","ALICE SPRINGS, NT",NSW,NT,1309.6000000000001,1637.0000000000002,depot-depot,AUTOCARE,new-template,hub,,WOLLONGONG,ALICE SPRINGS
"WOLLONGONG, NSW","BRISBANE, QLD",NSW,QLD,372.7999999999999,465.9999999999999,depot-depot,AUTOCARE,new-template,hub,,WOLLONGONG,BRISBANE
"WOLLONGONG, NSW","CAIRNS, QLD",NSW,QLD,1418.0,1772.5,depot-depot,AUTOCARE,new-template,hub,,WOLLONGONG,CAIRNS
"WOLLONGONG, NSW","DARWIN, NT",NSW,NT,1848.0,2310.0,depot-depot,AUTOCARE,new-template,hub,,WOLLONGONG,DARWIN
"WOLLONGONG, NSW","DEVONPORT, TAS",NSW,TAS,943.9999999999999,1179.9999999999998,depot-depot,AUTOCARE,new-template,hub,,WOLLONGONG,DEVONPORT
"WOLLONGONG, NSW","HOBART, TAS",NSW,TAS,1158.9999999999998,1448.7499999999998,depot-depot,AUTOCARE,new-template,hub,,WOLLONGONG,HOBART
"WOLLONGONG, NSW","MELBOURNE, VIC",NSW,VIC,316.0,395.0,depot-depot,AUTOCARE,new-template,hub,,WOLLONGONG,MELBOURNE
"WOLLONGONG, NSW","MT ISA, QLD",NSW,QLD,1882.9999999999998,2353.7499999999995,depot-depot,AUTOCARE,new-template,hub,,WOLLONGONG,MT ISA
"WOLLONGONG, NSW","PERTH, WA",NSW,WA,1252.0,1565.0,depot-depot,AUTOCARE,new-template,hub,,WOLLONGONG,PERTH
"WOLLONGONG, NSW","SYDNEY, NSW",NSW,NSW,210.0,262.5,depot-depot,AUTOCARE,new-template,hub,,WOLLONGONG,SYDNEY
"WOLLONGONG, NSW","TOWNSVILLE, QLD",NSW,QLD,1064.0,1330.0,depot-depot,AUTOCARE,new-template,hub,,WOLLONGONG,TOWNSVILLE
"ADELAIDE, SA","PERTH, WA",SA,WA,1227.27,1318.18,depot-depot,SHIPPING,new-template,hub,,ADELAIDE,PERTH
"BRISBANE, QLD","PERTH, WA",QLD,WA,1177.27,1268.18,depot-depot,SHIPPING,new-template,hub,,BRISBANE,PERTH
"DEVONPORT, TAS","PERTH, WA",TAS,WA,1854.0,1954.0,depot-depot,SHIPPING,new-template,hub,,DEVONPORT,PERTH
"HOBART, TAS","PERTH, WA",TAS,WA,2043.0,2143.0,depot-depot,SHIPPING,new-template,hub,,HOBART,PERTH
"MELBOURNE, VIC","PERTH, WA",VIC,WA,1250.0,1318.18,depot-depot,SHIPPING,new-template,hub,,MELBOURNE,PERTH
"PERTH, WA","BRISBANE, QLD",WA,QLD,1341.73,1441.73,depot-depot,SHIPPING,new-template,hub,,PERTH,BRISBANE
"PERTH, WA","MELBOURNE, VIC",WA,VIC,1073.7,1173.7,depot-depot,SHIPPING,new-template,hub,,PERTH,MELBOURNE
"PERTH, WA","SYDNEY, NSW",WA,NSW,1204.42,1304.42,depot-depot,SHIPPING,new-template,hub,,PERTH,SYDNEY
"PERTH, WA","WOLLONGONG, NSW",WA,NSW,1100.0,1200.0,depot-depot,SHIPPING,new-template,hub,,PERTH,WOLLONGONG
"SYDNEY, NSW","PERTH, WA",NSW,WA,1336.36,1427.27,depot-depot,SHIPPING,new-template,hub,,SYDNEY,PERTH
"WOLLONGONG, NSW","PERTH, WA",NSW,WA,1239.09,1339.09,depot-depot,SHIPPING,new-template,hub,,WOLLONGONG,PERTH
"BRISBANE, QLD","MELBOURNE, VIC",QLD,VIC,490.0,595.45,depot-depot,AUTOMOVER,new-template,hub,,BRISBANE,MELBOURNE
"BRISBANE, QLD","PERTH, WA",QLD,WA,1363.63,1800.0,depot-depot,AUTOMOVER,new-template,hub,,BRISBANE,PERTH
"BRISBANE, QLD","SYDNEY, NSW",QLD,NSW,455.0,600.0,depot-depot,AUTOMOVER,new-template,hub,,BRISBANE,SYDNEY
"MELBOURNE, VIC","BRISBANE, QLD",VIC,QLD,700.0,800.0,depot-depot,AUTOMOVER,new-template,hub,,MELBOURNE,BRISBANE
"MELBOURNE, VIC","PERTH, WA",VIC,WA,1500.0,1800.0,depot-depot,AUTOMOVER,new-template,hub,,MELBOURNE,PERTH
"PERTH, WA","BRISBANE, QLD",WA,QLD,1000.0,1200.0,depot-depot,AUTOMOVER,new-template,hub,,PERTH,BRISBANE
"PERTH, WA","MELBOURNE, VIC",WA,VIC,800.0,1000.0,depot-depot,AUTOMOVER,new-template,hub,,PERTH,MELBOURNE
"PERTH, WA","SYDNEY, NSW",WA,NSW,900.0,1000.0,depot-depot,AUTOMOVER,new-template,hub,,PERTH,SYDNEY
"PERTH, WA","TOWNSVILLE, QLD",WA,QLD,2000.0,2300.0,depot-depot,AUTOMOVER,new-template,hub,,PERTH,TOWNSVILLE
"SYDNEY, NSW","BRISBANE, QLD",NSW,QLD,700.0,800.0,depot-depot,AUTOMOVER,new-template,hub,,SYDNEY,BRISBANE
"SYDNEY, NSW","PERTH, WA",NSW,WA,1472.72,1800.0,depot-depot,AUTOMOVER,new-template,hub,,SYDNEY,PERTH
"BRISBANE, QLD","MELBOURNE, VIC",QLD,VIC,510.0,773.0,depot-depot,A1,new-template,hub,,BRISBANE,MELBOURNE
"BRISBANE, QLD","SYDNEY, NSW",QLD,NSW,318.18,436.36,depot-depot,A1,new-template,hub,,BRISBANE,SYDNEY
"MELBOURNE, VIC","BRISBANE, QLD",VIC,QLD,463.63,900.0,depot-depot,A1,new-template,hub,,MELBOURNE,BRISBANE
"MELBOURNE, VIC","SYDNEY, NSW",VIC,NSW,400.0,477.27,depot-depot,A1,new-template,hub,,MELBOURNE,SYDNEY
"SYDNEY, NSW","BRISBANE, QLD",NSW,QLD,380.9,545.45,depot-depot,A1,new-template,hub,,SYDNEY,BRISBANE
"SYDNEY, NSW","MELBOURNE, VIC",NSW,VIC,318.18,381.81,depot-depot,A1,new-template,hub,,SYDNEY,MELBOURNE
"ADELAIDE, SA","BRISBANE, QLD",SA,QLD,1627.5,1732.5,depot-depot,CARWAYS,new-template,hub,,ADELAIDE,BRISBANE
"ADELAIDE, SA","MELBOURNE, VIC",SA,VIC,630.0,735.0,depot-depot,CARWAYS,new-template,hub,,ADELAIDE,MELBOURNE
"ADELAIDE, SA","SYDNEY, NSW",SA,NSW,1050.0,1155.0,depot-depot,CARWAYS,new-template,hub,,ADELAIDE,SYDNEY
"BRISBANE, QLD","ADELAIDE, SA",QLD,SA,1417.5,1522.5,depot-depot,CARWAYS,new-template,hub,,BRISBANE,ADELAIDE
"BRISBANE, QLD","CAIRNS, QLD",QLD,QLD,770.29,770.29,depot-depot,CARWAYS,new-template,hub,,BRISBANE,CAIRNS
"BRISBANE, QLD","MELBOURNE, VIC",QLD,VIC,840.0,892.5,depot-depot,CARWAYS,new-template,hub,,BRISBANE,MELBOURNE
"BRISBANE, QLD","SYDNEY, NSW",QLD,NSW,472.5,557.5,depot-depot,CARWAYS,new-template,hub,,BRISBANE,SYDNEY
"BRISBANE, QLD","TOWNSVILLE, QLD",QLD,QLD,798.0,798.0,depot-depot,CARWAYS,new-template,hub,,BRISBANE,TOWNSVILLE
"CAIRNS, QLD","BRISBANE, QLD",QLD,QLD,674.61,674.61,depot-depot,CARWAYS,new-template,hub,,CAIRNS,BRISBANE
"MELBOURNE, VIC","ADELAIDE, SA",VIC,SA,787.5,1102.5,depot-depot,CARWAYS,new-template,hub,,MELBOURNE,ADELAIDE
"MELBOURNE, VIC","BRISBANE, QLD",VIC,QLD,1155.0,1260.0,depot-depot,CARWAYS,new-template,hub,,MELBOURNE,BRISBANE
"MELBOURNE, VIC","SYDNEY, NSW",VIC,NSW,630.0,682.5,depot-depot,CARWAYS,new-template,hub,,MELBOURNE,SYDNEY
"SYDNEY, NSW","ADELAIDE, SA",NSW,SA,997.5,1102.5,depot-depot,CARWAYS,new-template,hub,,SYDNEY,ADELAIDE
"SYDNEY, NSW","BRISBANE, QLD",NSW,QLD,787.5,945.0,depot-depot,CARWAYS,new-template,hub,,SYDNEY,BRISBANE
"SYDNEY, NSW","MELBOURNE, VIC",NSW,VIC,787.5,945.0,depot-depot,CARWAYS,new-template,hub,,SYDNEY,MELBOURNE
"TOWNSVILLE, QLD","BRISBANE, QLD",QLD,QLD,673.39,673.39,depot-depot,CARWAYS,new-template,hub,,TOWNSVILLE,BRISBANE
"BRISBANE, QLD","BRISBANE, QLD",QLD,QLD,222.32,222.32,depot-door,CARWAYS,new-template,hub,,BRISBANE,BRISBANE
"BRISBANE, QLD","BRISBANE, QLD",QLD,QLD,222.32,222.32,door-depot,CARWAYS,new-template,hub,,BRISBANE,BRISBANE
"MELBOURNE, VIC","MELBOURNE, VIC",VIC,VIC,200.0,200.0,depot-door,ACE CAR CARRIERS,new-template,hub,,MELBOURNE,MELBOURNE
"MELBOURNE, VIC","MELBOURNE, VIC",VIC,VIC,200.0,200.0,door-depot,ACE CAR CARRIERS,new-template,hub,,MELBOURNE,MELBOURNE
"CAIRNS, QLD","CAIRNS, QLD",QLD,QLD,120.0,120.0,depot-door,ALFIES TOWING,new-template,hub,,CAIRNS,CAIRNS
"CAIRNS, QLD","CAIRNS, QLD",QLD,QLD,120.0,120.0,door-depot,ALFIES TOWING,new-template,hub,,CAIRNS,CAIRNS
"CAIRNS, QLD","TOWNSVILLE, QLD",QLD,QLD,300.0,300.0,depot-depot,CAIRNS CAR CARRIERS,new-template,hub,,CAIRNS,TOWNSVILLE
"TOWNSVILLE, QLD","CAIRNS, QLD",QLD,QLD,300.0,300.0,depot-depot,CAIRNS CAR CARRIERS,new-template,hub,,TOWNSVILLE,CAIRNS
"CAIRNS, QLD","CAIRNS, QLD",QLD,QLD,0.0,0.0,depot-door,CAIRNS CAR CARRIERS,new-template,hub,,CAIRNS,CAIRNS
"TOWNSVILLE, QLD","TOWNSVILLE, QLD",QLD,QLD,0.0,0.0,depot-door,CAIRNS CAR CARRIERS,new-template,hub,,TOWNSVILLE,TOWNSVILLE
"CAIRNS, QLD","CAIRNS, QLD",QLD,QLD,0.0,0.0,door-depot,CAIRNS CAR CARRIERS,new-template,hub,,CAIRNS,CAIRNS
"TOWNSVILLE, QLD","TOWNSVILLE, QLD",QLD,QLD,0.0,0.0,door-depot,CAIRNS CAR CARRIERS,new-template,hub,,TOWNSVILLE,TOWNSVILLE
"BRISBANE, QLD","ADELAIDE, SA",QLD,SA,719.7,833.33,depot-depot,MELCREST,new-template,hub,,BRISBANE,ADELAIDE
"BRISBANE, QLD","CAIRNS, QLD",QLD,QLD,844.7,1034.09,depot-depot,MELCREST,new-template,hub,,BRISBANE,CAIRNS
"BRISBANE, QLD","DARWIN, NT",QLD,NT,1409.09,1727.27,depot-depot,MELCREST,new-template,hub,,BRISBANE,DARWIN
"BRISBANE, QLD","MACKAY, QLD",QLD,QLD,556.82,659.09,depot-depot,MELCREST,new-template,hub,,BRISBANE,MACKAY
"BRISBANE, QLD","MT ISA, QLD",QLD,QLD,1053.03,1295.45,depot-depot,MELCREST,new-template,hub,,BRISBANE,MT ISA
"BRISBANE, QLD","ROCKHAMPTON, QLD",QLD,QLD,424.24,537.88,depot-depot,MELCREST,new-template,hub,,BRISBANE,ROCKHAMPTON
"BRISBANE, QLD","TOWNSVILLE, QLD",QLD,QLD,704.55,871.21,depot-depot,MELCREST,new-template,hub,,BRISBANE,TOWNSVILLE
"CAIRNS, QLD","BRISBANE, QLD",QLD,QLD,477.27,477.27,depot-depot,MELCREST,new-template,hub,,CAIRNS,BRISBANE
"CAIRNS, QLD","DARWIN, NT",QLD,NT,1856.06,1856.06,depot-depot,MELCREST,new-template,hub,,CAIRNS,DARWIN
"CAIRNS, QLD","MACKAY, QLD",QLD,QLD,375.0,375.0,depot-depot,MELCREST,new-template,hub,,CAIRNS,MACKAY
"CAIRNS, QLD","MT ISA, QLD",QLD,QLD,931.82,931.82,depot-depot,MELCREST,new-template,hub,,CAIRNS,MT ISA
"CAIRNS, QLD","ROCKHAMPTON, QLD",QLD,QLD,424.24,424.24,depot-depot,MELCREST,new-template,hub,,CAIRNS,ROCKHAMPTON
"CAIRNS, QLD","TOWNSVILLE, QLD",QLD,QLD,265.15,265.15,depot-depot,MELCREST,new-template,hub,,CAIRNS,TOWNSVILLE
"DARWIN, NT","BRISBANE, QLD",NT,QLD,1022.73,1022.73,depot-depot,MELCREST,new-template,hub,,DARWIN,BRISBANE
"DARWIN, NT","CAIRNS, QLD",NT,QLD,1500.0,1530.3,depot-depot,MELCREST,new-template,hub,,DARWIN,CAIRNS
"DARWIN, NT","MACKAY, QLD",NT,QLD,1507.58,1507.58,depot-depot,MELCREST,new-template,hub,,DARWIN,MACKAY
"DARWIN, NT","MT ISA, QLD",NT,QLD,621.21,621.21,depot-depot,MELCREST,new-template,hub,,DARWIN,MT ISA
"DARWIN, NT","ROCKHAMPTON, QLD",NT,QLD,1446.97,1446.97,depot-depot,MELCREST,new-template,hub,,DARWIN,ROCKHAMPTON
"DARWIN, NT","TOWNSVILLE, QLD",NT,QLD,1204.55,1204.55,depot-depot,MELCREST,new-template,hub,,DARWIN,TOWNSVILLE
"MACKAY, QLD","BRISBANE, QLD",QLD,QLD,375.0,375.0,depot-depot,MELCREST,new-template,hub,,MACKAY,BRISBANE
"MACKAY, QLD","TOWNSVILLE, QLD",QLD,QLD,375.0,375.0,depot-depot,MELCREST,new-template,hub,,MACKAY,TOWNSVILLE
"MT ISA, QLD","ADELAIDE, SA",QLD,SA,1371.21,1484.85,depot-depot,MELCREST,new-template,hub,,MT ISA,ADELAIDE
"MT ISA, QLD","BRISBANE, QLD",QLD,QLD,931.82,931.82,depot-depot,MELCREST,new-template,hub,,MT ISA,BRISBANE
"MT ISA, QLD","CAIRNS, QLD",QLD,QLD,878.79,916.67,depot-depot,MELCREST,new-template,hub,,MT ISA,CAIRNS
"MT ISA, QLD","DARWIN, NT",QLD,NT,924.24,924.24,depot-depot,MELCREST,new-template,hub,,MT ISA,DARWIN
"MT ISA, QLD","MACKAY, QLD",QLD,QLD,886.36,886.36,depot-depot,MELCREST,new-template,hub,,MT ISA,MACKAY
"MT ISA, QLD","ROCKHAMPTON, QLD",QLD,QLD,583.33,583.33,depot-depot,MELCREST,new-template,hub,,MT ISA,ROCKHAMPTON
"MT ISA, QLD","TOWNSVILLE, QLD",QLD,QLD,583.33,583.33,depot-depot,MELCREST,new-template,hub,,MT ISA,TOWNSVILLE
"ROCKHAMPTON, QLD","ADELAIDE, SA",QLD,SA,1022.73,1136.36,depot-depot,MELCREST,new-template,hub,,ROCKHAMPTON,ADELAIDE
"ROCKHAMPTON, QLD","BRISBANE, QLD",QLD,QLD,424.24,424.24,depot-depot,MELCREST,new-template,hub,,ROCKHAMPTON,BRISBANE
"ROCKHAMPTON, QLD","CAIRNS, QLD",QLD,QLD,613.64,715.91,depot-depot,MELCREST,new-template,hub,,ROCKHAMPTON,CAIRNS
"ROCKHAMPTON, QLD","DARWIN, NT",QLD,NT,1712.12,2030.3,depot-depot,MELCREST,new-template,hub,,ROCKHAMPTON,DARWIN
"ROCKHAMPTON, QLD","MACKAY, QLD",QLD,QLD,333.33,371.21,depot-depot,MELCREST,new-template,hub,,ROCKHAMPTON,MACKAY
"ROCKHAMPTON, QLD","MT ISA, QLD",QLD,QLD,742.42,871.21,depot-depot,MELCREST,new-template,hub,,ROCKHAMPTON,MT ISA
"ROCKHAMPTON, QLD","TOWNSVILLE, QLD",QLD,QLD,530.3,424.24,depot-depot,MELCREST,new-template,hub,,ROCKHAMPTON,TOWNSVILLE
"TOWNSVILLE, QLD","ADELAIDE, SA",QLD,SA,1106.06,1219.7,depot-depot,MELCREST,new-template,hub,,TOWNSVILLE,ADELAIDE
"TOWNSVILLE, QLD","BRISBANE, QLD",QLD,QLD,386.36,386.36,depot-depot,MELCREST,new-template,hub,,TOWNSVILLE,BRISBANE
"TOWNSVILLE, QLD","CAIRNS, QLD",QLD,QLD,295.45,333.33,depot-depot,MELCREST,new-template,hub,,TOWNSVILLE,CAIRNS
"TOWNSVILLE, QLD","DARWIN, NT",QLD,NT,1553.03,1553.03,depot-depot,MELCREST,new-template,hub,,TOWNSVILLE,DARWIN
"TOWNSVILLE, QLD","MACKAY, QLD",QLD,QLD,303.03,303.03,depot-depot,MELCREST,new-template,hub,,TOWNSVILLE,MACKAY
"TOWNSVILLE, QLD","MT ISA, QLD",QLD,QLD,666.67,666.67,depot-depot,MELCREST,new-template,hub,,TOWNSVILLE,MT ISA
"TOWNSVILLE, QLD","ROCKHAMPTON, QLD",QLD,QLD,333.33,333.33,depot-depot,MELCREST,new-template,hub,,TOWNSVILLE,ROCKHAMPTON
"ADELAIDE, SA","ALICE SPRINGS, NT",SA,NT,909.09,1409.09,depot-depot,SMB,new-template,hub,,ADELAIDE,ALICE SPRINGS
"ADELAIDE, SA","BRISBANE, QLD",SA,QLD,618.18,736.36,depot-depot,SMB,new-template,hub,,ADELAIDE,BRISBANE
"ADELAIDE, SA","DARWIN, NT",SA,NT,909.09,1454.54,depot-depot,SMB,new-template,hub,,ADELAIDE,DARWIN
"ADELAIDE, SA","MELBOURNE, VIC",SA,VIC,205.05,272.73,depot-depot,SMB,new-template,hub,,ADELAIDE,MELBOURNE
"ADELAIDE, SA","PERTH, WA",SA,WA,818.18,1227.27,depot-depot,SMB,new-template,hub,,ADELAIDE,PERTH
"ADELAIDE, SA","SYDNEY, NSW",SA,NSW,445.55,581.82,depot-depot,SMB,new-template,hub,,ADELAIDE,SYDNEY
"ALICE SPRINGS, NT","ADELAIDE, SA",NT,SA,500.0,727.27,depot-depot,SMB,new-template,hub,,ALICE SPRINGS,ADELAIDE
"ALICE SPRINGS, NT","BRISBANE, QLD",NT,QLD,1227.27,1409.09,depot-depot,SMB,new-template,hub,,ALICE SPRINGS,BRISBANE
"ALICE SPRINGS, NT","DARWIN, NT",NT,NT,436.36,590.91,depot-depot,SMB,new-template,hub,,ALICE SPRINGS,DARWIN
"ALICE SPRINGS, NT","MELBOURNE, VIC",NT,VIC,773.73,900.0,depot-depot,SMB,new-template,hub,,ALICE SPRINGS,MELBOURNE
"ALICE SPRINGS, NT","PERTH, WA",NT,WA,1636.36,1909.09,depot-depot,SMB,new-template,hub,,ALICE SPRINGS,PERTH
"ALICE SPRINGS, NT","SYDNEY, NSW",NT,NSW,955.55,1090.91,depot-depot,SMB,new-template,hub,,ALICE SPRINGS,SYDNEY
"BRISBANE, QLD","ADELAIDE, SA",QLD,SA,627.27,863.64,depot-depot,SMB,new-template,hub,,BRISBANE,ADELAIDE
"BRISBANE, QLD","ALICE SPRINGS, NT",QLD,NT,1432.32,1727.27,depot-depot,SMB,new-template,hub,,BRISBANE,ALICE SPRINGS
"BRISBANE, QLD","DARWIN, NT",QLD,NT,2091.91,2363.64,depot-depot,SMB,new-template,hub,,BRISBANE,DARWIN
"BRISBANE, QLD","MELBOURNE, VIC",QLD,VIC,336.36,836.64,depot-depot,SMB,new-template,hub,,BRISBANE,MELBOURNE
"BRISBANE, QLD","PERTH, WA",QLD,WA,1136.36,1636.36,depot-depot,SMB,new-template,hub,,BRISBANE,PERTH
"BRISBANE, QLD","SYDNEY, NSW",QLD,NSW,227.27,381.82,depot-depot,SMB,new-template,hub,,BRISBANE,SYDNEY
"DARWIN, NT","ADELAIDE, SA",NT,SA,327.27,418.18,depot-depot,SMB,new-template,hub,,DARWIN,ADELAIDE
"DARWIN, NT","ALICE SPRINGS, NT",NT,NT,327.27,418.18,depot-depot,SMB,new-template,hub,,DARWIN,ALICE SPRINGS
"DARWIN, NT","BRISBANE, QLD",NT,QLD,1277.77,1409.09,depot-depot,SMB,new-template,hub,,DARWIN,BRISBANE
"DARWIN, NT","MELBOURNE, VIC",NT,VIC,490.9,650.0,depot-depot,SMB,new-template,hub,,DARWIN,MELBOURNE
"DARWIN, NT","PERTH, WA",NT,WA,1455.55,1909.09,depot-depot,SMB,new-template,hub,,DARWIN,PERTH
"DARWIN, NT","SYDNEY, NSW",NT,NSW,727.27,863.64,depot-depot,SMB,new-template,hub,,DARWIN,SYDNEY
"MELBOURNE, VIC","ADELAIDE, SA",VIC,SA,373.73,500.0,depot-depot,SMB,new-template,hub,,MELBOURNE,ADELAIDE
"MELBOURNE, VIC","ALICE SPRINGS, NT",VIC,NT,1445.45,2000.0,depot-depot,SMB,new-template,hub,,MELBOURNE,ALICE SPRINGS
"MELBOURNE, VIC","BRISBANE, QLD",VIC,QLD,464.64,772.73,depot-depot,SMB,new-template,hub,,MELBOURNE,BRISBANE
"MELBOURNE, VIC","DARWIN, NT",VIC,NT,1272.72,2000.0,depot-depot,SMB,new-template,hub,,MELBOURNE,DARWIN
"MELBOURNE, VIC","PERTH, WA",VIC,WA,1000.0,1500.0,depot-depot,SMB,new-template,hub,,MELBOURNE,PERTH
"MELBOURNE, VIC","SYDNEY, NSW",VIC,NSW,282.82,445.45,depot-depot,SMB,new-template,hub,,MELBOURNE,SYDNEY
"PERTH, WA","ADELAIDE, SA",WA,SA,364.64,545.45,depot-depot,SMB,new-template,hub,,PERTH,ADELAIDE
"PERTH, WA","ALICE SPRINGS, NT",WA,NT,1091.91,1363.64,depot-depot,SMB,new-template,hub,,PERTH,ALICE SPRINGS
"PERTH, WA","BRISBANE, QLD",WA,QLD,909.09,1181.82,depot-depot,SMB,new-template,hub,,PERTH,BRISBANE
"PERTH, WA","DARWIN, NT",WA,NT,1318.18,2000.0,depot-depot,SMB,new-template,hub,,PERTH,DARWIN
"PERTH, WA","MELBOURNE, VIC",WA,VIC,477.77,727.27,depot-depot,SMB,new-template,hub,,PERTH,MELBOURNE
"PERTH, WA","SYDNEY, NSW",WA,NSW,727.27,954.55,depot-depot,SMB,new-template,hub,,PERTH,SYDNEY
"SYDNEY, NSW","ADELAIDE, SA",NSW,SA,500.0,614.64,depot-depot,SMB,new-template,hub,,SYDNEY,ADELAIDE
"SYDNEY, NSW","ALICE SPRINGS, NT",NSW,NT,1455.55,1727.27,depot-depot,SMB,new-template,hub,,SYDNEY,ALICE SPRINGS
"SYDNEY, NSW","BRISBANE, QLD",NSW,QLD,318.18,500.0,depot-depot,SMB,new-template,hub,,SYDNEY,BRISBANE
"SYDNEY, NSW","DARWIN, NT",NSW,NT,1363.63,1727.27,depot-depot,SMB,new-template,hub,,SYDNEY,DARWIN
"SYDNEY, NSW","MELBOURNE, VIC",NSW,VIC,218.18,290.91,depot-depot,SMB,new-template,hub,,SYDNEY,MELBOURNE
"SYDNEY, NSW","PERTH, WA",NSW,WA,1227.27,1481.82,depot-depot,SMB,new-template,hub,,SYDNEY,PERTH
"ADELAIDE, SA","ADELAIDE, SA",SA,SA,150.0,150.0,depot-door,SMB,new-template,hub,,ADELAIDE,ADELAIDE
"ALICE SPRINGS, NT","ALICE SPRINGS, NT",NT,NT,0.0,0.0,depot-door,SMB,new-template,hub,,ALICE SPRINGS,ALICE SPRINGS
"BRISBANE, QLD","BRISBANE, QLD",QLD,QLD,166.66,166.66,depot-door,SMB,new-template,hub,,BRISBANE,BRISBANE
"DARWIN, NT","DARWIN, NT",NT,NT,200.0,200.0,depot-door,SMB,new-template,hub,,DARWIN,DARWIN
"MELBOURNE, VIC","MELBOURNE, VIC",VIC,VIC,150.0,150.0,depot-door,SMB,new-template,hub,,MELBOURNE,MELBOURNE
"PERTH, WA","PERTH, WA",WA,WA,196.96,196.96,depot-door,SMB,new-template,hub,,PERTH,PERTH
"SYDNEY, NSW","SYDNEY, NSW",NSW,NSW,240.91,240.91,depot-door,SMB,new-template,hub,,SYDNEY,SYDNEY
"ADELAIDE, SA","ADELAIDE, SA",SA,SA,150.0,150.0,door-depot,SMB,new-template,hub,,ADELAIDE,ADELAIDE
"ALICE SPRINGS, NT","ALICE SPRINGS, NT",NT,NT,0.0,0.0,door-depot,SMB,new-template,hub,,ALICE SPRINGS,ALICE SPRINGS
"BRISBANE, QLD","BRISBANE, QLD",QLD,QLD,166.66,166.66,door-depot,SMB,new-template,hub,,BRISBANE,BRISBANE
"DARWIN, NT","DARWIN, NT",NT,NT,200.0,200.0,door-depot,SMB,new-template,hub,,DARWIN,DARWIN
"MELBOURNE, VIC","MELBOURNE, VIC",VIC,VIC,150.0,150.0,door-depot,SMB,new-template,hub,,MELBOURNE,MELBOURNE
"PERTH, WA","PERTH, WA",WA,WA,196.96,196.96,door-depot,SMB,new-template,hub,,PERTH,PERTH
"SYDNEY, NSW","SYDNEY, NSW",NSW,NSW,240.91,240.91,door-depot,SMB,new-template,hub,,SYDNEY,SYDNEY
"BRISBANE, QLD","CAIRNS, QLD",QLD,QLD,1150.0,1150.0,depot-depot,IAT TRANSPORT,new-template,hub,,BRISBANE,CAIRNS
"BRISBANE, QLD","TOWNSVILLE, QLD",QLD,QLD,900.0,900.0,depot-depot,IAT TRANSPORT,new-template,hub,,BRISBANE,TOWNSVILLE
"CAIRNS, QLD","BRISBANE, QLD",QLD,QLD,1150.0,1150.0,depot-depot,IAT TRANSPORT,new-template,hub,,CAIRNS,BRISBANE
"TOWNSVILLE, QLD","BRISBANE, QLD",QLD,QLD,800.0,800.0,depot-depot,IAT TRANSPORT,new-template,hub,,TOWNSVILLE,BRISBANE
"MACKAY, QLD","MACKAY, QLD",QLD,QLD,240.0,240.0,depot-door,MACKAY CAR & COMMERCIAL,new-template,hub,,MACKAY,MACKAY
"MACKAY, QLD","MACKAY, QLD",QLD,QLD,240.0,240.0,door-depot,MACKAY CAR & COMMERCIAL,new-template,hub,,MACKAY,MACKAY
"KALGOORLIE, WA","PERTH, WA",WA,WA,3422.1,3422.1,depot-depot,GTTKAL,new-template,hub,,KALGOORLIE,PERTH
"PERTH, WA","KALGOORLIE, WA",WA,WA,3422.1,3442.1,depot-depot,GTTKAL,new-template,hub,,PERTH,KALGOORLIE
"KALGOORLIE, WA","KALGOORLIE, WA",WA,WA,195.2,195.2,depot-door,GTTKAL,new-template,hub,,KALGOORLIE,KALGOORLIE
"KALGOORLIE, WA","KALGOORLIE, WA",WA,WA,195.2,195.2,door-depot,GTTKAL,new-template,hub,,KALGOORLIE,KALGOORLIE
"CANBERRA, ACT","CANBERRA, ACT",ACT,ACT,100.0,100.0,depot-door,CAPITAL TOWING,new-template,hub,,CANBERRA,CANBERRA
"CANBERRA, ACT","CANBERRA, ACT",ACT,ACT,100.0,100.0,door-depot,CAPITAL TOWING,new-template,hub,,CANBERRA,CANBERRA
"NEWCASTLE, NSW","SYDNEY, NSW",NSW,NSW,400.0,500.0,depot-depot,NEWCASTLE VEHICLE TRANSPORTERS,new-template,hub,,NEWCASTLE,SYDNEY
"SYDNEY, NSW","NEWCASTLE, NSW",NSW,NSW,400.0,500.0,depot-depot,NEWCASTLE VEHICLE TRANSPORTERS,new-template,hub,,SYDNEY,NEWCASTLE
